{
"name": "Riko",
"short_name": "Riko",
"start_url": "https://rikotypescritreact.onrender.com",
"display": "standalone",
"description": "Pide donde quieras, cuando quieras.",
"lang": "es-MX",
"dir": "auto",
"theme_color": "#000000",
"background_color": "#000000",
"orientation": "any",
"icons": [
    {
        "src": "/icon.png",
        "sizes": "512x512",
        "type": "image/png",
        "purpose": "maskable"
    },
    {
        "src": "/icon.png",
        "sizes": "192x192",
        "type": "image/png",
        "purpose": "any"
    }
],
"screenshots": [
    {
        "src": "https://www.pwabuilder.com/assets/screenshots/screen1.png",
        "sizes": "2880x1800",
        "type": "image/png",
        "description": "A screenshot of the home page"
    }
],
"related_applications": [
    {
        "platform":"windows",
        "url": " The URL to your app in that app store"
    }
],
"prefer_related_applications": false,
"shortcuts": [
    {
        "name":"Riko App",
        "url":"The url you would like to open when the user chooses this shortcut. This must be a URL local to your PWA. For example: If my start_url is /, this URL must be something like /shortcut",
        "description":"A description of the functionality of this shortcut"
    }
]
}